"sep=,"
CRUD/Entity,,,,Functionalities,,DET,RET/FTR,,UFP,,,,FP,=SOMMA(N2:N1000),,,,,,
Inserisci Utente,,,ADD,EI,,7,1,=SE(E2="EI";P2;SE(E2="EO";Q2;SE(E2="ILF";T2;SE(E2="EIF";U2;SE(E2="EQ";SE(O2="I";R2;SE(O2="O";S2;"NC"));SE(E2="";"NC")))))),=SE(E2="EO";SE(I2="A";7;SE(I2="M";5;SE(I2="B";4;"NC")));SE(E2="EI";SE(I2="A";6;SE(I2="M";4;SE(I2="B";3;"NC")));SE(E2="EQ";SE(I2="A";6;SE(I2="M";4;SE(I2="B";3;"NC")));SE(E2="ILF";SE(I2="A";15;SE(I2="M";10;SE(I2="B";7;"NC")));SE(E2="EIF";SE(I2="A";10;SE(I2="M";7;SE(I2="B";5;"NC")));""))))),,,,=SE(J2="";"";SE(J2="NC";"";SE(L2="";1;L2)*J2)),O,=SE(E2="EI";SE(H2>2;SE(G2>4;"A";"M");SE(H2=2;SE(G2>15;"A";SE(G2>4;"M";"B"));SE(G2>15;"M";"B")));"NC"),=SE(E2="EO";SE(H2>3;SE(G2>5;"A";"M");SE(H2>1;SE(G2>19;"A";SE(G2>5;"M";"B"));SE(G2>19;"M";"B")));"NC"),=SE(E2="EQ";SE(O2="I";Q2(H2>2;SE(G2>4;"A";"M");SE(H2=2;SE(G2>15;"A";SE(G2>4;"M";"B"));SE(G2>15;"M";"B")));"NC")),=SE(E2="EQ";SE(O2="O";SE(H2>3;SE(G2>5;"A";"M");SE(H2>1;SE(G2>19;"A";SE(G2>5;"M";"B"));SE(G2>19;"M";"B")));"NC")),=SE(E2="ILF";SE(H2>5;SE(G2>19;"A";"M");SE(H2>1;SE(G2>50;"A";SE(G2>19;"M";"B"));SE(H2=1;SE(G2>50;"M";"B");"")))),=SE(E2="EIF";SE(H2>5;SE(G2>19;"A";"M");SE(H2>1;SE(G2>50;"A";SE(G2>19;"M";"B"));SE(H2=1;SE(G2>50;"M";"B");""))))
Modifica Utente,,,ADD,EI,,6,1,=SE(E3="EI";P3;SE(E3="EO";Q3;SE(E3="ILF";T3;SE(E3="EIF";U3;SE(E3="EQ";SE(O3="I";R3;SE(O3="O";S3;"NC"));SE(E3="";"NC")))))),=SE(E3="EO";SE(I3="A";7;SE(I3="M";5;SE(I3="B";4;"NC")));SE(E3="EI";SE(I3="A";6;SE(I3="M";4;SE(I3="B";3;"NC")));SE(E3="EQ";SE(I3="A";6;SE(I3="M";4;SE(I3="B";3;"NC")));SE(E3="ILF";SE(I3="A";15;SE(I3="M";10;SE(I3="B";7;"NC")));SE(E3="EIF";SE(I3="A";10;SE(I3="M";7;SE(I3="B";5;"NC")));""))))),,,,=SE(J3="";"";SE(J3="NC";"";SE(L3="";1;L3)*J3)),O,=SE(E3="EI";SE(H3>2;SE(G3>4;"A";"M");SE(H3=2;SE(G3>15;"A";SE(G3>4;"M";"B"));SE(G3>15;"M";"B")));"NC"),=SE(E3="EO";SE(H3>3;SE(G3>5;"A";"M");SE(H3>1;SE(G3>19;"A";SE(G3>5;"M";"B"));SE(G3>19;"M";"B")));"NC"),=SE(E3="EQ";SE(O3="I";Q3(H3>2;SE(G3>4;"A";"M");SE(H3=2;SE(G3>15;"A";SE(G3>4;"M";"B"));SE(G3>15;"M";"B")));"NC")),=SE(E3="EQ";SE(O3="O";SE(H3>3;SE(G3>5;"A";"M");SE(H3>1;SE(G3>19;"A";SE(G3>5;"M";"B"));SE(G3>19;"M";"B")));"NC")),=SE(E3="ILF";SE(H3>5;SE(G3>19;"A";"M");SE(H3>1;SE(G3>50;"A";SE(G3>19;"M";"B"));SE(H3=1;SE(G3>50;"M";"B");"")))),=SE(E3="EIF";SE(H3>5;SE(G3>19;"A";"M");SE(H3>1;SE(G3>50;"A";SE(G3>19;"M";"B"));SE(H3=1;SE(G3>50;"M";"B");""))))
Visualizza Utente,,,ADD,EQ,,7,1,=SE(E4="EI";P4;SE(E4="EO";Q4;SE(E4="ILF";T4;SE(E4="EIF";U4;SE(E4="EQ";SE(O4="I";R4;SE(O4="O";S4;"NC"));SE(E4="";"NC")))))),=SE(E4="EO";SE(I4="A";7;SE(I4="M";5;SE(I4="B";4;"NC")));SE(E4="EI";SE(I4="A";6;SE(I4="M";4;SE(I4="B";3;"NC")));SE(E4="EQ";SE(I4="A";6;SE(I4="M";4;SE(I4="B";3;"NC")));SE(E4="ILF";SE(I4="A";15;SE(I4="M";10;SE(I4="B";7;"NC")));SE(E4="EIF";SE(I4="A";10;SE(I4="M";7;SE(I4="B";5;"NC")));""))))),,,,=SE(J4="";"";SE(J4="NC";"";SE(L4="";1;L4)*J4)),O,=SE(E4="EI";SE(H4>2;SE(G4>4;"A";"M");SE(H4=2;SE(G4>15;"A";SE(G4>4;"M";"B"));SE(G4>15;"M";"B")));"NC"),=SE(E4="EO";SE(H4>3;SE(G4>5;"A";"M");SE(H4>1;SE(G4>19;"A";SE(G4>5;"M";"B"));SE(G4>19;"M";"B")));"NC"),=SE(E4="EQ";SE(O4="I";Q4(H4>2;SE(G4>4;"A";"M");SE(H4=2;SE(G4>15;"A";SE(G4>4;"M";"B"));SE(G4>15;"M";"B")));"NC")),=SE(E4="EQ";SE(O4="O";SE(H4>3;SE(G4>5;"A";"M");SE(H4>1;SE(G4>19;"A";SE(G4>5;"M";"B"));SE(G4>19;"M";"B")));"NC")),=SE(E4="ILF";SE(H4>5;SE(G4>19;"A";"M");SE(H4>1;SE(G4>50;"A";SE(G4>19;"M";"B"));SE(H4=1;SE(G4>50;"M";"B");"")))),=SE(E4="EIF";SE(H4>5;SE(G4>19;"A";"M");SE(H4>1;SE(G4>50;"A";SE(G4>19;"M";"B"));SE(H4=1;SE(G4>50;"M";"B");""))))
Elimina Utente,,,ADD,EI,,2,1,=SE(E5="EI";P5;SE(E5="EO";Q5;SE(E5="ILF";T5;SE(E5="EIF";U5;SE(E5="EQ";SE(O5="I";R5;SE(O5="O";S5;"NC"));SE(E5="";"NC")))))),=SE(E5="EO";SE(I5="A";7;SE(I5="M";5;SE(I5="B";4;"NC")));SE(E5="EI";SE(I5="A";6;SE(I5="M";4;SE(I5="B";3;"NC")));SE(E5="EQ";SE(I5="A";6;SE(I5="M";4;SE(I5="B";3;"NC")));SE(E5="ILF";SE(I5="A";15;SE(I5="M";10;SE(I5="B";7;"NC")));SE(E5="EIF";SE(I5="A";10;SE(I5="M";7;SE(I5="B";5;"NC")));""))))),,,,=SE(J5="";"";SE(J5="NC";"";SE(L5="";1;L5)*J5)),O,=SE(E5="EI";SE(H5>2;SE(G5>4;"A";"M");SE(H5=2;SE(G5>15;"A";SE(G5>4;"M";"B"));SE(G5>15;"M";"B")));"NC"),=SE(E5="EO";SE(H5>3;SE(G5>5;"A";"M");SE(H5>1;SE(G5>19;"A";SE(G5>5;"M";"B"));SE(G5>19;"M";"B")));"NC"),=SE(E5="EQ";SE(O5="I";Q5(H5>2;SE(G5>4;"A";"M");SE(H5=2;SE(G5>15;"A";SE(G5>4;"M";"B"));SE(G5>15;"M";"B")));"NC")),=SE(E5="EQ";SE(O5="O";SE(H5>3;SE(G5>5;"A";"M");SE(H5>1;SE(G5>19;"A";SE(G5>5;"M";"B"));SE(G5>19;"M";"B")));"NC")),=SE(E5="ILF";SE(H5>5;SE(G5>19;"A";"M");SE(H5>1;SE(G5>50;"A";SE(G5>19;"M";"B"));SE(H5=1;SE(G5>50;"M";"B");"")))),=SE(E5="EIF";SE(H5>5;SE(G5>19;"A";"M");SE(H5>1;SE(G5>50;"A";SE(G5>19;"M";"B"));SE(H5=1;SE(G5>50;"M";"B");""))))
Elenca Utente,,,ADD,EQ,,8,2,=SE(E6="EI";P6;SE(E6="EO";Q6;SE(E6="ILF";T6;SE(E6="EIF";U6;SE(E6="EQ";SE(O6="I";R6;SE(O6="O";S6;"NC"));SE(E6="";"NC")))))),=SE(E6="EO";SE(I6="A";7;SE(I6="M";5;SE(I6="B";4;"NC")));SE(E6="EI";SE(I6="A";6;SE(I6="M";4;SE(I6="B";3;"NC")));SE(E6="EQ";SE(I6="A";6;SE(I6="M";4;SE(I6="B";3;"NC")));SE(E6="ILF";SE(I6="A";15;SE(I6="M";10;SE(I6="B";7;"NC")));SE(E6="EIF";SE(I6="A";10;SE(I6="M";7;SE(I6="B";5;"NC")));""))))),,,,=SE(J6="";"";SE(J6="NC";"";SE(L6="";1;L6)*J6)),O,=SE(E6="EI";SE(H6>2;SE(G6>4;"A";"M");SE(H6=2;SE(G6>15;"A";SE(G6>4;"M";"B"));SE(G6>15;"M";"B")));"NC"),=SE(E6="EO";SE(H6>3;SE(G6>5;"A";"M");SE(H6>1;SE(G6>19;"A";SE(G6>5;"M";"B"));SE(G6>19;"M";"B")));"NC"),=SE(E6="EQ";SE(O6="I";Q6(H6>2;SE(G6>4;"A";"M");SE(H6=2;SE(G6>15;"A";SE(G6>4;"M";"B"));SE(G6>15;"M";"B")));"NC")),=SE(E6="EQ";SE(O6="O";SE(H6>3;SE(G6>5;"A";"M");SE(H6>1;SE(G6>19;"A";SE(G6>5;"M";"B"));SE(G6>19;"M";"B")));"NC")),=SE(E6="ILF";SE(H6>5;SE(G6>19;"A";"M");SE(H6>1;SE(G6>50;"A";SE(G6>19;"M";"B"));SE(H6=1;SE(G6>50;"M";"B");"")))),=SE(E6="EIF";SE(H6>5;SE(G6>19;"A";"M");SE(H6>1;SE(G6>50;"A";SE(G6>19;"M";"B"));SE(H6=1;SE(G6>50;"M";"B");""))))

Utente,,,ADD,ILF,,6,1,=SE(E8="EI";P8;SE(E8="EO";Q8;SE(E8="ILF";T8;SE(E8="EIF";U8;SE(E8="EQ";SE(O8="I";R8;SE(O8="O";S8;"NC"));SE(E8="";"NC")))))),=SE(E8="EO";SE(I8="A";7;SE(I8="M";5;SE(I8="B";4;"NC")));SE(E8="EI";SE(I8="A";6;SE(I8="M";4;SE(I8="B";3;"NC")));SE(E8="EQ";SE(I8="A";6;SE(I8="M";4;SE(I8="B";3;"NC")));SE(E8="ILF";SE(I8="A";15;SE(I8="M";10;SE(I8="B";7;"NC")));SE(E8="EIF";SE(I8="A";10;SE(I8="M";7;SE(I8="B";5;"NC")));""))))),,,,=SE(J8="";"";SE(J8="NC";"";SE(L8="";1;L8)*J8)),O,=SE(E8="EI";SE(H8>2;SE(G8>4;"A";"M");SE(H8=2;SE(G8>15;"A";SE(G8>4;"M";"B"));SE(G8>15;"M";"B")));"NC"),=SE(E8="EO";SE(H8>3;SE(G8>5;"A";"M");SE(H8>1;SE(G8>19;"A";SE(G8>5;"M";"B"));SE(G8>19;"M";"B")));"NC"),=SE(E8="EQ";SE(O8="I";Q8(H8>2;SE(G8>4;"A";"M");SE(H8=2;SE(G8>15;"A";SE(G8>4;"M";"B"));SE(G8>15;"M";"B")));"NC")),=SE(E8="EQ";SE(O8="O";SE(H8>3;SE(G8>5;"A";"M");SE(H8>1;SE(G8>19;"A";SE(G8>5;"M";"B"));SE(G8>19;"M";"B")));"NC")),=SE(E8="ILF";SE(H8>5;SE(G8>19;"A";"M");SE(H8>1;SE(G8>50;"A";SE(G8>19;"M";"B"));SE(H8=1;SE(G8>50;"M";"B");"")))),=SE(E8="EIF";SE(H8>5;SE(G8>19;"A";"M");SE(H8>1;SE(G8>50;"A";SE(G8>19;"M";"B"));SE(H8=1;SE(G8>50;"M";"B");""))))

Inserisci Product,,,ADD,EI,,2,1,=SE(E10="EI";P10;SE(E10="EO";Q10;SE(E10="ILF";T10;SE(E10="EIF";U10;SE(E10="EQ";SE(O10="I";R10;SE(O10="O";S10;"NC"));SE(E10="";"NC")))))),=SE(E10="EO";SE(I10="A";7;SE(I10="M";5;SE(I10="B";4;"NC")));SE(E10="EI";SE(I10="A";6;SE(I10="M";4;SE(I10="B";3;"NC")));SE(E10="EQ";SE(I10="A";6;SE(I10="M";4;SE(I10="B";3;"NC")));SE(E10="ILF";SE(I10="A";15;SE(I10="M";10;SE(I10="B";7;"NC")));SE(E10="EIF";SE(I10="A";10;SE(I10="M";7;SE(I10="B";5;"NC")));""))))),,,,=SE(J10="";"";SE(J10="NC";"";SE(L10="";1;L10)*J10)),O,=SE(E10="EI";SE(H10>2;SE(G10>4;"A";"M");SE(H10=2;SE(G10>15;"A";SE(G10>4;"M";"B"));SE(G10>15;"M";"B")));"NC"),=SE(E10="EO";SE(H10>3;SE(G10>5;"A";"M");SE(H10>1;SE(G10>19;"A";SE(G10>5;"M";"B"));SE(G10>19;"M";"B")));"NC"),=SE(E10="EQ";SE(O10="I";Q10(H10>2;SE(G10>4;"A";"M");SE(H10=2;SE(G10>15;"A";SE(G10>4;"M";"B"));SE(G10>15;"M";"B")));"NC")),=SE(E10="EQ";SE(O10="O";SE(H10>3;SE(G10>5;"A";"M");SE(H10>1;SE(G10>19;"A";SE(G10>5;"M";"B"));SE(G10>19;"M";"B")));"NC")),=SE(E10="ILF";SE(H10>5;SE(G10>19;"A";"M");SE(H10>1;SE(G10>50;"A";SE(G10>19;"M";"B"));SE(H10=1;SE(G10>50;"M";"B");"")))),=SE(E10="EIF";SE(H10>5;SE(G10>19;"A";"M");SE(H10>1;SE(G10>50;"A";SE(G10>19;"M";"B"));SE(H10=1;SE(G10>50;"M";"B");""))))
Modifica Product,,,ADD,EI,,1,1,=SE(E11="EI";P11;SE(E11="EO";Q11;SE(E11="ILF";T11;SE(E11="EIF";U11;SE(E11="EQ";SE(O11="I";R11;SE(O11="O";S11;"NC"));SE(E11="";"NC")))))),=SE(E11="EO";SE(I11="A";7;SE(I11="M";5;SE(I11="B";4;"NC")));SE(E11="EI";SE(I11="A";6;SE(I11="M";4;SE(I11="B";3;"NC")));SE(E11="EQ";SE(I11="A";6;SE(I11="M";4;SE(I11="B";3;"NC")));SE(E11="ILF";SE(I11="A";15;SE(I11="M";10;SE(I11="B";7;"NC")));SE(E11="EIF";SE(I11="A";10;SE(I11="M";7;SE(I11="B";5;"NC")));""))))),,,,=SE(J11="";"";SE(J11="NC";"";SE(L11="";1;L11)*J11)),O,=SE(E11="EI";SE(H11>2;SE(G11>4;"A";"M");SE(H11=2;SE(G11>15;"A";SE(G11>4;"M";"B"));SE(G11>15;"M";"B")));"NC"),=SE(E11="EO";SE(H11>3;SE(G11>5;"A";"M");SE(H11>1;SE(G11>19;"A";SE(G11>5;"M";"B"));SE(G11>19;"M";"B")));"NC"),=SE(E11="EQ";SE(O11="I";Q11(H11>2;SE(G11>4;"A";"M");SE(H11=2;SE(G11>15;"A";SE(G11>4;"M";"B"));SE(G11>15;"M";"B")));"NC")),=SE(E11="EQ";SE(O11="O";SE(H11>3;SE(G11>5;"A";"M");SE(H11>1;SE(G11>19;"A";SE(G11>5;"M";"B"));SE(G11>19;"M";"B")));"NC")),=SE(E11="ILF";SE(H11>5;SE(G11>19;"A";"M");SE(H11>1;SE(G11>50;"A";SE(G11>19;"M";"B"));SE(H11=1;SE(G11>50;"M";"B");"")))),=SE(E11="EIF";SE(H11>5;SE(G11>19;"A";"M");SE(H11>1;SE(G11>50;"A";SE(G11>19;"M";"B"));SE(H11=1;SE(G11>50;"M";"B");""))))
Visualizza Product,,,ADD,EQ,,2,1,=SE(E12="EI";P12;SE(E12="EO";Q12;SE(E12="ILF";T12;SE(E12="EIF";U12;SE(E12="EQ";SE(O12="I";R12;SE(O12="O";S12;"NC"));SE(E12="";"NC")))))),=SE(E12="EO";SE(I12="A";7;SE(I12="M";5;SE(I12="B";4;"NC")));SE(E12="EI";SE(I12="A";6;SE(I12="M";4;SE(I12="B";3;"NC")));SE(E12="EQ";SE(I12="A";6;SE(I12="M";4;SE(I12="B";3;"NC")));SE(E12="ILF";SE(I12="A";15;SE(I12="M";10;SE(I12="B";7;"NC")));SE(E12="EIF";SE(I12="A";10;SE(I12="M";7;SE(I12="B";5;"NC")));""))))),,,,=SE(J12="";"";SE(J12="NC";"";SE(L12="";1;L12)*J12)),O,=SE(E12="EI";SE(H12>2;SE(G12>4;"A";"M");SE(H12=2;SE(G12>15;"A";SE(G12>4;"M";"B"));SE(G12>15;"M";"B")));"NC"),=SE(E12="EO";SE(H12>3;SE(G12>5;"A";"M");SE(H12>1;SE(G12>19;"A";SE(G12>5;"M";"B"));SE(G12>19;"M";"B")));"NC"),=SE(E12="EQ";SE(O12="I";Q12(H12>2;SE(G12>4;"A";"M");SE(H12=2;SE(G12>15;"A";SE(G12>4;"M";"B"));SE(G12>15;"M";"B")));"NC")),=SE(E12="EQ";SE(O12="O";SE(H12>3;SE(G12>5;"A";"M");SE(H12>1;SE(G12>19;"A";SE(G12>5;"M";"B"));SE(G12>19;"M";"B")));"NC")),=SE(E12="ILF";SE(H12>5;SE(G12>19;"A";"M");SE(H12>1;SE(G12>50;"A";SE(G12>19;"M";"B"));SE(H12=1;SE(G12>50;"M";"B");"")))),=SE(E12="EIF";SE(H12>5;SE(G12>19;"A";"M");SE(H12>1;SE(G12>50;"A";SE(G12>19;"M";"B"));SE(H12=1;SE(G12>50;"M";"B");""))))
Elimina Product,,,ADD,EI,,2,1,=SE(E13="EI";P13;SE(E13="EO";Q13;SE(E13="ILF";T13;SE(E13="EIF";U13;SE(E13="EQ";SE(O13="I";R13;SE(O13="O";S13;"NC"));SE(E13="";"NC")))))),=SE(E13="EO";SE(I13="A";7;SE(I13="M";5;SE(I13="B";4;"NC")));SE(E13="EI";SE(I13="A";6;SE(I13="M";4;SE(I13="B";3;"NC")));SE(E13="EQ";SE(I13="A";6;SE(I13="M";4;SE(I13="B";3;"NC")));SE(E13="ILF";SE(I13="A";15;SE(I13="M";10;SE(I13="B";7;"NC")));SE(E13="EIF";SE(I13="A";10;SE(I13="M";7;SE(I13="B";5;"NC")));""))))),,,,=SE(J13="";"";SE(J13="NC";"";SE(L13="";1;L13)*J13)),O,=SE(E13="EI";SE(H13>2;SE(G13>4;"A";"M");SE(H13=2;SE(G13>15;"A";SE(G13>4;"M";"B"));SE(G13>15;"M";"B")));"NC"),=SE(E13="EO";SE(H13>3;SE(G13>5;"A";"M");SE(H13>1;SE(G13>19;"A";SE(G13>5;"M";"B"));SE(G13>19;"M";"B")));"NC"),=SE(E13="EQ";SE(O13="I";Q13(H13>2;SE(G13>4;"A";"M");SE(H13=2;SE(G13>15;"A";SE(G13>4;"M";"B"));SE(G13>15;"M";"B")));"NC")),=SE(E13="EQ";SE(O13="O";SE(H13>3;SE(G13>5;"A";"M");SE(H13>1;SE(G13>19;"A";SE(G13>5;"M";"B"));SE(G13>19;"M";"B")));"NC")),=SE(E13="ILF";SE(H13>5;SE(G13>19;"A";"M");SE(H13>1;SE(G13>50;"A";SE(G13>19;"M";"B"));SE(H13=1;SE(G13>50;"M";"B");"")))),=SE(E13="EIF";SE(H13>5;SE(G13>19;"A";"M");SE(H13>1;SE(G13>50;"A";SE(G13>19;"M";"B"));SE(H13=1;SE(G13>50;"M";"B");""))))
Elenca Product,,,ADD,EQ,,3,2,=SE(E14="EI";P14;SE(E14="EO";Q14;SE(E14="ILF";T14;SE(E14="EIF";U14;SE(E14="EQ";SE(O14="I";R14;SE(O14="O";S14;"NC"));SE(E14="";"NC")))))),=SE(E14="EO";SE(I14="A";7;SE(I14="M";5;SE(I14="B";4;"NC")));SE(E14="EI";SE(I14="A";6;SE(I14="M";4;SE(I14="B";3;"NC")));SE(E14="EQ";SE(I14="A";6;SE(I14="M";4;SE(I14="B";3;"NC")));SE(E14="ILF";SE(I14="A";15;SE(I14="M";10;SE(I14="B";7;"NC")));SE(E14="EIF";SE(I14="A";10;SE(I14="M";7;SE(I14="B";5;"NC")));""))))),,,,=SE(J14="";"";SE(J14="NC";"";SE(L14="";1;L14)*J14)),O,=SE(E14="EI";SE(H14>2;SE(G14>4;"A";"M");SE(H14=2;SE(G14>15;"A";SE(G14>4;"M";"B"));SE(G14>15;"M";"B")));"NC"),=SE(E14="EO";SE(H14>3;SE(G14>5;"A";"M");SE(H14>1;SE(G14>19;"A";SE(G14>5;"M";"B"));SE(G14>19;"M";"B")));"NC"),=SE(E14="EQ";SE(O14="I";Q14(H14>2;SE(G14>4;"A";"M");SE(H14=2;SE(G14>15;"A";SE(G14>4;"M";"B"));SE(G14>15;"M";"B")));"NC")),=SE(E14="EQ";SE(O14="O";SE(H14>3;SE(G14>5;"A";"M");SE(H14>1;SE(G14>19;"A";SE(G14>5;"M";"B"));SE(G14>19;"M";"B")));"NC")),=SE(E14="ILF";SE(H14>5;SE(G14>19;"A";"M");SE(H14>1;SE(G14>50;"A";SE(G14>19;"M";"B"));SE(H14=1;SE(G14>50;"M";"B");"")))),=SE(E14="EIF";SE(H14>5;SE(G14>19;"A";"M");SE(H14>1;SE(G14>50;"A";SE(G14>19;"M";"B"));SE(H14=1;SE(G14>50;"M";"B");""))))
Inserisci Product per Order Item,,,ADD,EI,,2,1,=SE(E15="EI";P15;SE(E15="EO";Q15;SE(E15="ILF";T15;SE(E15="EIF";U15;SE(E15="EQ";SE(O15="I";R15;SE(O15="O";S15;"NC"));SE(E15="";"NC")))))),=SE(E15="EO";SE(I15="A";7;SE(I15="M";5;SE(I15="B";4;"NC")));SE(E15="EI";SE(I15="A";6;SE(I15="M";4;SE(I15="B";3;"NC")));SE(E15="EQ";SE(I15="A";6;SE(I15="M";4;SE(I15="B";3;"NC")));SE(E15="ILF";SE(I15="A";15;SE(I15="M";10;SE(I15="B";7;"NC")));SE(E15="EIF";SE(I15="A";10;SE(I15="M";7;SE(I15="B";5;"NC")));""))))),,,,=SE(J15="";"";SE(J15="NC";"";SE(L15="";1;L15)*J15)),O,=SE(E15="EI";SE(H15>2;SE(G15>4;"A";"M");SE(H15=2;SE(G15>15;"A";SE(G15>4;"M";"B"));SE(G15>15;"M";"B")));"NC"),=SE(E15="EO";SE(H15>3;SE(G15>5;"A";"M");SE(H15>1;SE(G15>19;"A";SE(G15>5;"M";"B"));SE(G15>19;"M";"B")));"NC"),=SE(E15="EQ";SE(O15="I";Q15(H15>2;SE(G15>4;"A";"M");SE(H15=2;SE(G15>15;"A";SE(G15>4;"M";"B"));SE(G15>15;"M";"B")));"NC")),=SE(E15="EQ";SE(O15="O";SE(H15>3;SE(G15>5;"A";"M");SE(H15>1;SE(G15>19;"A";SE(G15>5;"M";"B"));SE(G15>19;"M";"B")));"NC")),=SE(E15="ILF";SE(H15>5;SE(G15>19;"A";"M");SE(H15>1;SE(G15>50;"A";SE(G15>19;"M";"B"));SE(H15=1;SE(G15>50;"M";"B");"")))),=SE(E15="EIF";SE(H15>5;SE(G15>19;"A";"M");SE(H15>1;SE(G15>50;"A";SE(G15>19;"M";"B"));SE(H15=1;SE(G15>50;"M";"B");""))))

Product,,,ADD,ILF,,1,1,=SE(E17="EI";P17;SE(E17="EO";Q17;SE(E17="ILF";T17;SE(E17="EIF";U17;SE(E17="EQ";SE(O17="I";R17;SE(O17="O";S17;"NC"));SE(E17="";"NC")))))),=SE(E17="EO";SE(I17="A";7;SE(I17="M";5;SE(I17="B";4;"NC")));SE(E17="EI";SE(I17="A";6;SE(I17="M";4;SE(I17="B";3;"NC")));SE(E17="EQ";SE(I17="A";6;SE(I17="M";4;SE(I17="B";3;"NC")));SE(E17="ILF";SE(I17="A";15;SE(I17="M";10;SE(I17="B";7;"NC")));SE(E17="EIF";SE(I17="A";10;SE(I17="M";7;SE(I17="B";5;"NC")));""))))),,,,=SE(J17="";"";SE(J17="NC";"";SE(L17="";1;L17)*J17)),O,=SE(E17="EI";SE(H17>2;SE(G17>4;"A";"M");SE(H17=2;SE(G17>15;"A";SE(G17>4;"M";"B"));SE(G17>15;"M";"B")));"NC"),=SE(E17="EO";SE(H17>3;SE(G17>5;"A";"M");SE(H17>1;SE(G17>19;"A";SE(G17>5;"M";"B"));SE(G17>19;"M";"B")));"NC"),=SE(E17="EQ";SE(O17="I";Q17(H17>2;SE(G17>4;"A";"M");SE(H17=2;SE(G17>15;"A";SE(G17>4;"M";"B"));SE(G17>15;"M";"B")));"NC")),=SE(E17="EQ";SE(O17="O";SE(H17>3;SE(G17>5;"A";"M");SE(H17>1;SE(G17>19;"A";SE(G17>5;"M";"B"));SE(G17>19;"M";"B")));"NC")),=SE(E17="ILF";SE(H17>5;SE(G17>19;"A";"M");SE(H17>1;SE(G17>50;"A";SE(G17>19;"M";"B"));SE(H17=1;SE(G17>50;"M";"B");"")))),=SE(E17="EIF";SE(H17>5;SE(G17>19;"A";"M");SE(H17>1;SE(G17>50;"A";SE(G17>19;"M";"B"));SE(H17=1;SE(G17>50;"M";"B");""))))

Inserisci Ordine,,,ADD,EI,,6,2,=SE(E19="EI";P19;SE(E19="EO";Q19;SE(E19="ILF";T19;SE(E19="EIF";U19;SE(E19="EQ";SE(O19="I";R19;SE(O19="O";S19;"NC"));SE(E19="";"NC")))))),=SE(E19="EO";SE(I19="A";7;SE(I19="M";5;SE(I19="B";4;"NC")));SE(E19="EI";SE(I19="A";6;SE(I19="M";4;SE(I19="B";3;"NC")));SE(E19="EQ";SE(I19="A";6;SE(I19="M";4;SE(I19="B";3;"NC")));SE(E19="ILF";SE(I19="A";15;SE(I19="M";10;SE(I19="B";7;"NC")));SE(E19="EIF";SE(I19="A";10;SE(I19="M";7;SE(I19="B";5;"NC")));""))))),,,,=SE(J19="";"";SE(J19="NC";"";SE(L19="";1;L19)*J19)),O,=SE(E19="EI";SE(H19>2;SE(G19>4;"A";"M");SE(H19=2;SE(G19>15;"A";SE(G19>4;"M";"B"));SE(G19>15;"M";"B")));"NC"),=SE(E19="EO";SE(H19>3;SE(G19>5;"A";"M");SE(H19>1;SE(G19>19;"A";SE(G19>5;"M";"B"));SE(G19>19;"M";"B")));"NC"),=SE(E19="EQ";SE(O19="I";Q19(H19>2;SE(G19>4;"A";"M");SE(H19=2;SE(G19>15;"A";SE(G19>4;"M";"B"));SE(G19>15;"M";"B")));"NC")),=SE(E19="EQ";SE(O19="O";SE(H19>3;SE(G19>5;"A";"M");SE(H19>1;SE(G19>19;"A";SE(G19>5;"M";"B"));SE(G19>19;"M";"B")));"NC")),=SE(E19="ILF";SE(H19>5;SE(G19>19;"A";"M");SE(H19>1;SE(G19>50;"A";SE(G19>19;"M";"B"));SE(H19=1;SE(G19>50;"M";"B");"")))),=SE(E19="EIF";SE(H19>5;SE(G19>19;"A";"M");SE(H19>1;SE(G19>50;"A";SE(G19>19;"M";"B"));SE(H19=1;SE(G19>50;"M";"B");""))))
Modifica Ordine,,,ADD,EI,,5,2,=SE(E20="EI";P20;SE(E20="EO";Q20;SE(E20="ILF";T20;SE(E20="EIF";U20;SE(E20="EQ";SE(O20="I";R20;SE(O20="O";S20;"NC"));SE(E20="";"NC")))))),=SE(E20="EO";SE(I20="A";7;SE(I20="M";5;SE(I20="B";4;"NC")));SE(E20="EI";SE(I20="A";6;SE(I20="M";4;SE(I20="B";3;"NC")));SE(E20="EQ";SE(I20="A";6;SE(I20="M";4;SE(I20="B";3;"NC")));SE(E20="ILF";SE(I20="A";15;SE(I20="M";10;SE(I20="B";7;"NC")));SE(E20="EIF";SE(I20="A";10;SE(I20="M";7;SE(I20="B";5;"NC")));""))))),,,,=SE(J20="";"";SE(J20="NC";"";SE(L20="";1;L20)*J20)),O,=SE(E20="EI";SE(H20>2;SE(G20>4;"A";"M");SE(H20=2;SE(G20>15;"A";SE(G20>4;"M";"B"));SE(G20>15;"M";"B")));"NC"),=SE(E20="EO";SE(H20>3;SE(G20>5;"A";"M");SE(H20>1;SE(G20>19;"A";SE(G20>5;"M";"B"));SE(G20>19;"M";"B")));"NC"),=SE(E20="EQ";SE(O20="I";Q20(H20>2;SE(G20>4;"A";"M");SE(H20=2;SE(G20>15;"A";SE(G20>4;"M";"B"));SE(G20>15;"M";"B")));"NC")),=SE(E20="EQ";SE(O20="O";SE(H20>3;SE(G20>5;"A";"M");SE(H20>1;SE(G20>19;"A";SE(G20>5;"M";"B"));SE(G20>19;"M";"B")));"NC")),=SE(E20="ILF";SE(H20>5;SE(G20>19;"A";"M");SE(H20>1;SE(G20>50;"A";SE(G20>19;"M";"B"));SE(H20=1;SE(G20>50;"M";"B");"")))),=SE(E20="EIF";SE(H20>5;SE(G20>19;"A";"M");SE(H20>1;SE(G20>50;"A";SE(G20>19;"M";"B"));SE(H20=1;SE(G20>50;"M";"B");""))))
Visualizza Ordine,,,ADD,EQ,,6,2,=SE(E21="EI";P21;SE(E21="EO";Q21;SE(E21="ILF";T21;SE(E21="EIF";U21;SE(E21="EQ";SE(O21="I";R21;SE(O21="O";S21;"NC"));SE(E21="";"NC")))))),=SE(E21="EO";SE(I21="A";7;SE(I21="M";5;SE(I21="B";4;"NC")));SE(E21="EI";SE(I21="A";6;SE(I21="M";4;SE(I21="B";3;"NC")));SE(E21="EQ";SE(I21="A";6;SE(I21="M";4;SE(I21="B";3;"NC")));SE(E21="ILF";SE(I21="A";15;SE(I21="M";10;SE(I21="B";7;"NC")));SE(E21="EIF";SE(I21="A";10;SE(I21="M";7;SE(I21="B";5;"NC")));""))))),,,,=SE(J21="";"";SE(J21="NC";"";SE(L21="";1;L21)*J21)),O,=SE(E21="EI";SE(H21>2;SE(G21>4;"A";"M");SE(H21=2;SE(G21>15;"A";SE(G21>4;"M";"B"));SE(G21>15;"M";"B")));"NC"),=SE(E21="EO";SE(H21>3;SE(G21>5;"A";"M");SE(H21>1;SE(G21>19;"A";SE(G21>5;"M";"B"));SE(G21>19;"M";"B")));"NC"),=SE(E21="EQ";SE(O21="I";Q21(H21>2;SE(G21>4;"A";"M");SE(H21=2;SE(G21>15;"A";SE(G21>4;"M";"B"));SE(G21>15;"M";"B")));"NC")),=SE(E21="EQ";SE(O21="O";SE(H21>3;SE(G21>5;"A";"M");SE(H21>1;SE(G21>19;"A";SE(G21>5;"M";"B"));SE(G21>19;"M";"B")));"NC")),=SE(E21="ILF";SE(H21>5;SE(G21>19;"A";"M");SE(H21>1;SE(G21>50;"A";SE(G21>19;"M";"B"));SE(H21=1;SE(G21>50;"M";"B");"")))),=SE(E21="EIF";SE(H21>5;SE(G21>19;"A";"M");SE(H21>1;SE(G21>50;"A";SE(G21>19;"M";"B"));SE(H21=1;SE(G21>50;"M";"B");""))))
Elimina Ordine,,,ADD,EI,,2,1,=SE(E22="EI";P22;SE(E22="EO";Q22;SE(E22="ILF";T22;SE(E22="EIF";U22;SE(E22="EQ";SE(O22="I";R22;SE(O22="O";S22;"NC"));SE(E22="";"NC")))))),=SE(E22="EO";SE(I22="A";7;SE(I22="M";5;SE(I22="B";4;"NC")));SE(E22="EI";SE(I22="A";6;SE(I22="M";4;SE(I22="B";3;"NC")));SE(E22="EQ";SE(I22="A";6;SE(I22="M";4;SE(I22="B";3;"NC")));SE(E22="ILF";SE(I22="A";15;SE(I22="M";10;SE(I22="B";7;"NC")));SE(E22="EIF";SE(I22="A";10;SE(I22="M";7;SE(I22="B";5;"NC")));""))))),,,,=SE(J22="";"";SE(J22="NC";"";SE(L22="";1;L22)*J22)),O,=SE(E22="EI";SE(H22>2;SE(G22>4;"A";"M");SE(H22=2;SE(G22>15;"A";SE(G22>4;"M";"B"));SE(G22>15;"M";"B")));"NC"),=SE(E22="EO";SE(H22>3;SE(G22>5;"A";"M");SE(H22>1;SE(G22>19;"A";SE(G22>5;"M";"B"));SE(G22>19;"M";"B")));"NC"),=SE(E22="EQ";SE(O22="I";Q22(H22>2;SE(G22>4;"A";"M");SE(H22=2;SE(G22>15;"A";SE(G22>4;"M";"B"));SE(G22>15;"M";"B")));"NC")),=SE(E22="EQ";SE(O22="O";SE(H22>3;SE(G22>5;"A";"M");SE(H22>1;SE(G22>19;"A";SE(G22>5;"M";"B"));SE(G22>19;"M";"B")));"NC")),=SE(E22="ILF";SE(H22>5;SE(G22>19;"A";"M");SE(H22>1;SE(G22>50;"A";SE(G22>19;"M";"B"));SE(H22=1;SE(G22>50;"M";"B");"")))),=SE(E22="EIF";SE(H22>5;SE(G22>19;"A";"M");SE(H22>1;SE(G22>50;"A";SE(G22>19;"M";"B"));SE(H22=1;SE(G22>50;"M";"B");""))))
Elenca Ordine,,,ADD,EQ,,7,3,=SE(E23="EI";P23;SE(E23="EO";Q23;SE(E23="ILF";T23;SE(E23="EIF";U23;SE(E23="EQ";SE(O23="I";R23;SE(O23="O";S23;"NC"));SE(E23="";"NC")))))),=SE(E23="EO";SE(I23="A";7;SE(I23="M";5;SE(I23="B";4;"NC")));SE(E23="EI";SE(I23="A";6;SE(I23="M";4;SE(I23="B";3;"NC")));SE(E23="EQ";SE(I23="A";6;SE(I23="M";4;SE(I23="B";3;"NC")));SE(E23="ILF";SE(I23="A";15;SE(I23="M";10;SE(I23="B";7;"NC")));SE(E23="EIF";SE(I23="A";10;SE(I23="M";7;SE(I23="B";5;"NC")));""))))),,,,=SE(J23="";"";SE(J23="NC";"";SE(L23="";1;L23)*J23)),O,=SE(E23="EI";SE(H23>2;SE(G23>4;"A";"M");SE(H23=2;SE(G23>15;"A";SE(G23>4;"M";"B"));SE(G23>15;"M";"B")));"NC"),=SE(E23="EO";SE(H23>3;SE(G23>5;"A";"M");SE(H23>1;SE(G23>19;"A";SE(G23>5;"M";"B"));SE(G23>19;"M";"B")));"NC"),=SE(E23="EQ";SE(O23="I";Q23(H23>2;SE(G23>4;"A";"M");SE(H23=2;SE(G23>15;"A";SE(G23>4;"M";"B"));SE(G23>15;"M";"B")));"NC")),=SE(E23="EQ";SE(O23="O";SE(H23>3;SE(G23>5;"A";"M");SE(H23>1;SE(G23>19;"A";SE(G23>5;"M";"B"));SE(G23>19;"M";"B")));"NC")),=SE(E23="ILF";SE(H23>5;SE(G23>19;"A";"M");SE(H23>1;SE(G23>50;"A";SE(G23>19;"M";"B"));SE(H23=1;SE(G23>50;"M";"B");"")))),=SE(E23="EIF";SE(H23>5;SE(G23>19;"A";"M");SE(H23>1;SE(G23>50;"A";SE(G23>19;"M";"B"));SE(H23=1;SE(G23>50;"M";"B");""))))
Inserisci Ordine per Order Item,,,ADD,EI,,6,2,=SE(E24="EI";P24;SE(E24="EO";Q24;SE(E24="ILF";T24;SE(E24="EIF";U24;SE(E24="EQ";SE(O24="I";R24;SE(O24="O";S24;"NC"));SE(E24="";"NC")))))),=SE(E24="EO";SE(I24="A";7;SE(I24="M";5;SE(I24="B";4;"NC")));SE(E24="EI";SE(I24="A";6;SE(I24="M";4;SE(I24="B";3;"NC")));SE(E24="EQ";SE(I24="A";6;SE(I24="M";4;SE(I24="B";3;"NC")));SE(E24="ILF";SE(I24="A";15;SE(I24="M";10;SE(I24="B";7;"NC")));SE(E24="EIF";SE(I24="A";10;SE(I24="M";7;SE(I24="B";5;"NC")));""))))),,,,=SE(J24="";"";SE(J24="NC";"";SE(L24="";1;L24)*J24)),O,=SE(E24="EI";SE(H24>2;SE(G24>4;"A";"M");SE(H24=2;SE(G24>15;"A";SE(G24>4;"M";"B"));SE(G24>15;"M";"B")));"NC"),=SE(E24="EO";SE(H24>3;SE(G24>5;"A";"M");SE(H24>1;SE(G24>19;"A";SE(G24>5;"M";"B"));SE(G24>19;"M";"B")));"NC"),=SE(E24="EQ";SE(O24="I";Q24(H24>2;SE(G24>4;"A";"M");SE(H24=2;SE(G24>15;"A";SE(G24>4;"M";"B"));SE(G24>15;"M";"B")));"NC")),=SE(E24="EQ";SE(O24="O";SE(H24>3;SE(G24>5;"A";"M");SE(H24>1;SE(G24>19;"A";SE(G24>5;"M";"B"));SE(G24>19;"M";"B")));"NC")),=SE(E24="ILF";SE(H24>5;SE(G24>19;"A";"M");SE(H24>1;SE(G24>50;"A";SE(G24>19;"M";"B"));SE(H24=1;SE(G24>50;"M";"B");"")))),=SE(E24="EIF";SE(H24>5;SE(G24>19;"A";"M");SE(H24>1;SE(G24>50;"A";SE(G24>19;"M";"B"));SE(H24=1;SE(G24>50;"M";"B");""))))

Ordine,,,ADD,ILF,,5,1,=SE(E26="EI";P26;SE(E26="EO";Q26;SE(E26="ILF";T26;SE(E26="EIF";U26;SE(E26="EQ";SE(O26="I";R26;SE(O26="O";S26;"NC"));SE(E26="";"NC")))))),=SE(E26="EO";SE(I26="A";7;SE(I26="M";5;SE(I26="B";4;"NC")));SE(E26="EI";SE(I26="A";6;SE(I26="M";4;SE(I26="B";3;"NC")));SE(E26="EQ";SE(I26="A";6;SE(I26="M";4;SE(I26="B";3;"NC")));SE(E26="ILF";SE(I26="A";15;SE(I26="M";10;SE(I26="B";7;"NC")));SE(E26="EIF";SE(I26="A";10;SE(I26="M";7;SE(I26="B";5;"NC")));""))))),,,,=SE(J26="";"";SE(J26="NC";"";SE(L26="";1;L26)*J26)),O,=SE(E26="EI";SE(H26>2;SE(G26>4;"A";"M");SE(H26=2;SE(G26>15;"A";SE(G26>4;"M";"B"));SE(G26>15;"M";"B")));"NC"),=SE(E26="EO";SE(H26>3;SE(G26>5;"A";"M");SE(H26>1;SE(G26>19;"A";SE(G26>5;"M";"B"));SE(G26>19;"M";"B")));"NC"),=SE(E26="EQ";SE(O26="I";Q26(H26>2;SE(G26>4;"A";"M");SE(H26=2;SE(G26>15;"A";SE(G26>4;"M";"B"));SE(G26>15;"M";"B")));"NC")),=SE(E26="EQ";SE(O26="O";SE(H26>3;SE(G26>5;"A";"M");SE(H26>1;SE(G26>19;"A";SE(G26>5;"M";"B"));SE(G26>19;"M";"B")));"NC")),=SE(E26="ILF";SE(H26>5;SE(G26>19;"A";"M");SE(H26>1;SE(G26>50;"A";SE(G26>19;"M";"B"));SE(H26=1;SE(G26>50;"M";"B");"")))),=SE(E26="EIF";SE(H26>5;SE(G26>19;"A";"M");SE(H26>1;SE(G26>50;"A";SE(G26>19;"M";"B"));SE(H26=1;SE(G26>50;"M";"B");""))))

Inserisci Order Item,,,ADD,EI,,4,3,=SE(E28="EI";P28;SE(E28="EO";Q28;SE(E28="ILF";T28;SE(E28="EIF";U28;SE(E28="EQ";SE(O28="I";R28;SE(O28="O";S28;"NC"));SE(E28="";"NC")))))),=SE(E28="EO";SE(I28="A";7;SE(I28="M";5;SE(I28="B";4;"NC")));SE(E28="EI";SE(I28="A";6;SE(I28="M";4;SE(I28="B";3;"NC")));SE(E28="EQ";SE(I28="A";6;SE(I28="M";4;SE(I28="B";3;"NC")));SE(E28="ILF";SE(I28="A";15;SE(I28="M";10;SE(I28="B";7;"NC")));SE(E28="EIF";SE(I28="A";10;SE(I28="M";7;SE(I28="B";5;"NC")));""))))),,,,=SE(J28="";"";SE(J28="NC";"";SE(L28="";1;L28)*J28)),O,=SE(E28="EI";SE(H28>2;SE(G28>4;"A";"M");SE(H28=2;SE(G28>15;"A";SE(G28>4;"M";"B"));SE(G28>15;"M";"B")));"NC"),=SE(E28="EO";SE(H28>3;SE(G28>5;"A";"M");SE(H28>1;SE(G28>19;"A";SE(G28>5;"M";"B"));SE(G28>19;"M";"B")));"NC"),=SE(E28="EQ";SE(O28="I";Q28(H28>2;SE(G28>4;"A";"M");SE(H28=2;SE(G28>15;"A";SE(G28>4;"M";"B"));SE(G28>15;"M";"B")));"NC")),=SE(E28="EQ";SE(O28="O";SE(H28>3;SE(G28>5;"A";"M");SE(H28>1;SE(G28>19;"A";SE(G28>5;"M";"B"));SE(G28>19;"M";"B")));"NC")),=SE(E28="ILF";SE(H28>5;SE(G28>19;"A";"M");SE(H28>1;SE(G28>50;"A";SE(G28>19;"M";"B"));SE(H28=1;SE(G28>50;"M";"B");"")))),=SE(E28="EIF";SE(H28>5;SE(G28>19;"A";"M");SE(H28>1;SE(G28>50;"A";SE(G28>19;"M";"B"));SE(H28=1;SE(G28>50;"M";"B");""))))
Modifica Order Item,,,ADD,EI,,3,3,=SE(E29="EI";P29;SE(E29="EO";Q29;SE(E29="ILF";T29;SE(E29="EIF";U29;SE(E29="EQ";SE(O29="I";R29;SE(O29="O";S29;"NC"));SE(E29="";"NC")))))),=SE(E29="EO";SE(I29="A";7;SE(I29="M";5;SE(I29="B";4;"NC")));SE(E29="EI";SE(I29="A";6;SE(I29="M";4;SE(I29="B";3;"NC")));SE(E29="EQ";SE(I29="A";6;SE(I29="M";4;SE(I29="B";3;"NC")));SE(E29="ILF";SE(I29="A";15;SE(I29="M";10;SE(I29="B";7;"NC")));SE(E29="EIF";SE(I29="A";10;SE(I29="M";7;SE(I29="B";5;"NC")));""))))),,,,=SE(J29="";"";SE(J29="NC";"";SE(L29="";1;L29)*J29)),O,=SE(E29="EI";SE(H29>2;SE(G29>4;"A";"M");SE(H29=2;SE(G29>15;"A";SE(G29>4;"M";"B"));SE(G29>15;"M";"B")));"NC"),=SE(E29="EO";SE(H29>3;SE(G29>5;"A";"M");SE(H29>1;SE(G29>19;"A";SE(G29>5;"M";"B"));SE(G29>19;"M";"B")));"NC"),=SE(E29="EQ";SE(O29="I";Q29(H29>2;SE(G29>4;"A";"M");SE(H29=2;SE(G29>15;"A";SE(G29>4;"M";"B"));SE(G29>15;"M";"B")));"NC")),=SE(E29="EQ";SE(O29="O";SE(H29>3;SE(G29>5;"A";"M");SE(H29>1;SE(G29>19;"A";SE(G29>5;"M";"B"));SE(G29>19;"M";"B")));"NC")),=SE(E29="ILF";SE(H29>5;SE(G29>19;"A";"M");SE(H29>1;SE(G29>50;"A";SE(G29>19;"M";"B"));SE(H29=1;SE(G29>50;"M";"B");"")))),=SE(E29="EIF";SE(H29>5;SE(G29>19;"A";"M");SE(H29>1;SE(G29>50;"A";SE(G29>19;"M";"B"));SE(H29=1;SE(G29>50;"M";"B");""))))
Visualizza Order Item,,,ADD,EQ,,4,3,=SE(E30="EI";P30;SE(E30="EO";Q30;SE(E30="ILF";T30;SE(E30="EIF";U30;SE(E30="EQ";SE(O30="I";R30;SE(O30="O";S30;"NC"));SE(E30="";"NC")))))),=SE(E30="EO";SE(I30="A";7;SE(I30="M";5;SE(I30="B";4;"NC")));SE(E30="EI";SE(I30="A";6;SE(I30="M";4;SE(I30="B";3;"NC")));SE(E30="EQ";SE(I30="A";6;SE(I30="M";4;SE(I30="B";3;"NC")));SE(E30="ILF";SE(I30="A";15;SE(I30="M";10;SE(I30="B";7;"NC")));SE(E30="EIF";SE(I30="A";10;SE(I30="M";7;SE(I30="B";5;"NC")));""))))),,,,=SE(J30="";"";SE(J30="NC";"";SE(L30="";1;L30)*J30)),O,=SE(E30="EI";SE(H30>2;SE(G30>4;"A";"M");SE(H30=2;SE(G30>15;"A";SE(G30>4;"M";"B"));SE(G30>15;"M";"B")));"NC"),=SE(E30="EO";SE(H30>3;SE(G30>5;"A";"M");SE(H30>1;SE(G30>19;"A";SE(G30>5;"M";"B"));SE(G30>19;"M";"B")));"NC"),=SE(E30="EQ";SE(O30="I";Q30(H30>2;SE(G30>4;"A";"M");SE(H30=2;SE(G30>15;"A";SE(G30>4;"M";"B"));SE(G30>15;"M";"B")));"NC")),=SE(E30="EQ";SE(O30="O";SE(H30>3;SE(G30>5;"A";"M");SE(H30>1;SE(G30>19;"A";SE(G30>5;"M";"B"));SE(G30>19;"M";"B")));"NC")),=SE(E30="ILF";SE(H30>5;SE(G30>19;"A";"M");SE(H30>1;SE(G30>50;"A";SE(G30>19;"M";"B"));SE(H30=1;SE(G30>50;"M";"B");"")))),=SE(E30="EIF";SE(H30>5;SE(G30>19;"A";"M");SE(H30>1;SE(G30>50;"A";SE(G30>19;"M";"B"));SE(H30=1;SE(G30>50;"M";"B");""))))
Elimina Order Item,,,ADD,EI,,2,1,=SE(E31="EI";P31;SE(E31="EO";Q31;SE(E31="ILF";T31;SE(E31="EIF";U31;SE(E31="EQ";SE(O31="I";R31;SE(O31="O";S31;"NC"));SE(E31="";"NC")))))),=SE(E31="EO";SE(I31="A";7;SE(I31="M";5;SE(I31="B";4;"NC")));SE(E31="EI";SE(I31="A";6;SE(I31="M";4;SE(I31="B";3;"NC")));SE(E31="EQ";SE(I31="A";6;SE(I31="M";4;SE(I31="B";3;"NC")));SE(E31="ILF";SE(I31="A";15;SE(I31="M";10;SE(I31="B";7;"NC")));SE(E31="EIF";SE(I31="A";10;SE(I31="M";7;SE(I31="B";5;"NC")));""))))),,,,=SE(J31="";"";SE(J31="NC";"";SE(L31="";1;L31)*J31)),O,=SE(E31="EI";SE(H31>2;SE(G31>4;"A";"M");SE(H31=2;SE(G31>15;"A";SE(G31>4;"M";"B"));SE(G31>15;"M";"B")));"NC"),=SE(E31="EO";SE(H31>3;SE(G31>5;"A";"M");SE(H31>1;SE(G31>19;"A";SE(G31>5;"M";"B"));SE(G31>19;"M";"B")));"NC"),=SE(E31="EQ";SE(O31="I";Q31(H31>2;SE(G31>4;"A";"M");SE(H31=2;SE(G31>15;"A";SE(G31>4;"M";"B"));SE(G31>15;"M";"B")));"NC")),=SE(E31="EQ";SE(O31="O";SE(H31>3;SE(G31>5;"A";"M");SE(H31>1;SE(G31>19;"A";SE(G31>5;"M";"B"));SE(G31>19;"M";"B")));"NC")),=SE(E31="ILF";SE(H31>5;SE(G31>19;"A";"M");SE(H31>1;SE(G31>50;"A";SE(G31>19;"M";"B"));SE(H31=1;SE(G31>50;"M";"B");"")))),=SE(E31="EIF";SE(H31>5;SE(G31>19;"A";"M");SE(H31>1;SE(G31>50;"A";SE(G31>19;"M";"B"));SE(H31=1;SE(G31>50;"M";"B");""))))
Elenca Order Item,,,ADD,EQ,,5,4,=SE(E32="EI";P32;SE(E32="EO";Q32;SE(E32="ILF";T32;SE(E32="EIF";U32;SE(E32="EQ";SE(O32="I";R32;SE(O32="O";S32;"NC"));SE(E32="";"NC")))))),=SE(E32="EO";SE(I32="A";7;SE(I32="M";5;SE(I32="B";4;"NC")));SE(E32="EI";SE(I32="A";6;SE(I32="M";4;SE(I32="B";3;"NC")));SE(E32="EQ";SE(I32="A";6;SE(I32="M";4;SE(I32="B";3;"NC")));SE(E32="ILF";SE(I32="A";15;SE(I32="M";10;SE(I32="B";7;"NC")));SE(E32="EIF";SE(I32="A";10;SE(I32="M";7;SE(I32="B";5;"NC")));""))))),,,,=SE(J32="";"";SE(J32="NC";"";SE(L32="";1;L32)*J32)),O,=SE(E32="EI";SE(H32>2;SE(G32>4;"A";"M");SE(H32=2;SE(G32>15;"A";SE(G32>4;"M";"B"));SE(G32>15;"M";"B")));"NC"),=SE(E32="EO";SE(H32>3;SE(G32>5;"A";"M");SE(H32>1;SE(G32>19;"A";SE(G32>5;"M";"B"));SE(G32>19;"M";"B")));"NC"),=SE(E32="EQ";SE(O32="I";Q32(H32>2;SE(G32>4;"A";"M");SE(H32=2;SE(G32>15;"A";SE(G32>4;"M";"B"));SE(G32>15;"M";"B")));"NC")),=SE(E32="EQ";SE(O32="O";SE(H32>3;SE(G32>5;"A";"M");SE(H32>1;SE(G32>19;"A";SE(G32>5;"M";"B"));SE(G32>19;"M";"B")));"NC")),=SE(E32="ILF";SE(H32>5;SE(G32>19;"A";"M");SE(H32>1;SE(G32>50;"A";SE(G32>19;"M";"B"));SE(H32=1;SE(G32>50;"M";"B");"")))),=SE(E32="EIF";SE(H32>5;SE(G32>19;"A";"M");SE(H32>1;SE(G32>50;"A";SE(G32>19;"M";"B"));SE(H32=1;SE(G32>50;"M";"B");""))))

Order Item,,,ADD,ILF,,3,2,=SE(E34="EI";P34;SE(E34="EO";Q34;SE(E34="ILF";T34;SE(E34="EIF";U34;SE(E34="EQ";SE(O34="I";R34;SE(O34="O";S34;"NC"));SE(E34="";"NC")))))),=SE(E34="EO";SE(I34="A";7;SE(I34="M";5;SE(I34="B";4;"NC")));SE(E34="EI";SE(I34="A";6;SE(I34="M";4;SE(I34="B";3;"NC")));SE(E34="EQ";SE(I34="A";6;SE(I34="M";4;SE(I34="B";3;"NC")));SE(E34="ILF";SE(I34="A";15;SE(I34="M";10;SE(I34="B";7;"NC")));SE(E34="EIF";SE(I34="A";10;SE(I34="M";7;SE(I34="B";5;"NC")));""))))),,,,=SE(J34="";"";SE(J34="NC";"";SE(L34="";1;L34)*J34)),O,=SE(E34="EI";SE(H34>2;SE(G34>4;"A";"M");SE(H34=2;SE(G34>15;"A";SE(G34>4;"M";"B"));SE(G34>15;"M";"B")));"NC"),=SE(E34="EO";SE(H34>3;SE(G34>5;"A";"M");SE(H34>1;SE(G34>19;"A";SE(G34>5;"M";"B"));SE(G34>19;"M";"B")));"NC"),=SE(E34="EQ";SE(O34="I";Q34(H34>2;SE(G34>4;"A";"M");SE(H34=2;SE(G34>15;"A";SE(G34>4;"M";"B"));SE(G34>15;"M";"B")));"NC")),=SE(E34="EQ";SE(O34="O";SE(H34>3;SE(G34>5;"A";"M");SE(H34>1;SE(G34>19;"A";SE(G34>5;"M";"B"));SE(G34>19;"M";"B")));"NC")),=SE(E34="ILF";SE(H34>5;SE(G34>19;"A";"M");SE(H34>1;SE(G34>50;"A";SE(G34>19;"M";"B"));SE(H34=1;SE(G34>50;"M";"B");"")))),=SE(E34="EIF";SE(H34>5;SE(G34>19;"A";"M");SE(H34>1;SE(G34>50;"A";SE(G34>19;"M";"B"));SE(H34=1;SE(G34>50;"M";"B");""))))


